{
    "variables": [],
    "info": {
        "name": "UniversityCMS API",
        "_postman_id": "9b6fe377-901b-43e9-ad03-07a0e04b1963",
        "description": "",
        "schema": "https:\/\/schema.getpostman.com\/json\/collection\/v2.0.0\/collection.json"
    },
    "item": [
        {
            "name": "general",
            "description": "",
            "item": [
                {
                    "name": "Authorize a client to access the user's account.",
                    "request": {
                        "url": {
                            "protocol": "http",
                            "host": "localhost",
                            "path": "oauth\/authorize",
                            "query": []
                        },
                        "method": "GET",
                        "header": [
                            {
                                "key": "Content-Type",
                                "value": "application\/json"
                            },
                            {
                                "key": "Accept",
                                "value": "application\/json"
                            }
                        ],
                        "body": {
                            "mode": "raw",
                            "raw": "[]"
                        },
                        "description": "",
                        "response": []
                    }
                },
                {
                    "name": "Approve the authorization request.",
                    "request": {
                        "url": {
                            "protocol": "http",
                            "host": "localhost",
                            "path": "oauth\/authorize",
                            "query": []
                        },
                        "method": "POST",
                        "header": [
                            {
                                "key": "Content-Type",
                                "value": "application\/json"
                            },
                            {
                                "key": "Accept",
                                "value": "application\/json"
                            }
                        ],
                        "body": {
                            "mode": "raw",
                            "raw": "[]"
                        },
                        "description": "",
                        "response": []
                    }
                },
                {
                    "name": "Deny the authorization request.",
                    "request": {
                        "url": {
                            "protocol": "http",
                            "host": "localhost",
                            "path": "oauth\/authorize",
                            "query": []
                        },
                        "method": "DELETE",
                        "header": [
                            {
                                "key": "Content-Type",
                                "value": "application\/json"
                            },
                            {
                                "key": "Accept",
                                "value": "application\/json"
                            }
                        ],
                        "body": {
                            "mode": "raw",
                            "raw": "[]"
                        },
                        "description": "",
                        "response": []
                    }
                },
                {
                    "name": "Authorize a client to access the user's account.",
                    "request": {
                        "url": {
                            "protocol": "http",
                            "host": "localhost",
                            "path": "oauth\/token",
                            "query": []
                        },
                        "method": "POST",
                        "header": [
                            {
                                "key": "Content-Type",
                                "value": "application\/json"
                            },
                            {
                                "key": "Accept",
                                "value": "application\/json"
                            }
                        ],
                        "body": {
                            "mode": "raw",
                            "raw": "[]"
                        },
                        "description": "",
                        "response": []
                    }
                },
                {
                    "name": "Get all of the authorized tokens for the authenticated user.",
                    "request": {
                        "url": {
                            "protocol": "http",
                            "host": "localhost",
                            "path": "oauth\/tokens",
                            "query": []
                        },
                        "method": "GET",
                        "header": [
                            {
                                "key": "Content-Type",
                                "value": "application\/json"
                            },
                            {
                                "key": "Accept",
                                "value": "application\/json"
                            }
                        ],
                        "body": {
                            "mode": "raw",
                            "raw": "[]"
                        },
                        "description": "",
                        "response": []
                    }
                },
                {
                    "name": "Delete the given token.",
                    "request": {
                        "url": {
                            "protocol": "http",
                            "host": "localhost",
                            "path": "oauth\/tokens\/:token_id",
                            "query": []
                        },
                        "method": "DELETE",
                        "header": [
                            {
                                "key": "Content-Type",
                                "value": "application\/json"
                            },
                            {
                                "key": "Accept",
                                "value": "application\/json"
                            }
                        ],
                        "body": {
                            "mode": "raw",
                            "raw": "[]"
                        },
                        "description": "",
                        "response": []
                    }
                },
                {
                    "name": "Get a fresh transient token cookie for the authenticated user.",
                    "request": {
                        "url": {
                            "protocol": "http",
                            "host": "localhost",
                            "path": "oauth\/token\/refresh",
                            "query": []
                        },
                        "method": "POST",
                        "header": [
                            {
                                "key": "Content-Type",
                                "value": "application\/json"
                            },
                            {
                                "key": "Accept",
                                "value": "application\/json"
                            }
                        ],
                        "body": {
                            "mode": "raw",
                            "raw": "[]"
                        },
                        "description": "",
                        "response": []
                    }
                },
                {
                    "name": "Get all of the clients for the authenticated user.",
                    "request": {
                        "url": {
                            "protocol": "http",
                            "host": "localhost",
                            "path": "oauth\/clients",
                            "query": []
                        },
                        "method": "GET",
                        "header": [
                            {
                                "key": "Content-Type",
                                "value": "application\/json"
                            },
                            {
                                "key": "Accept",
                                "value": "application\/json"
                            }
                        ],
                        "body": {
                            "mode": "raw",
                            "raw": "[]"
                        },
                        "description": "",
                        "response": []
                    }
                },
                {
                    "name": "Store a new client.",
                    "request": {
                        "url": {
                            "protocol": "http",
                            "host": "localhost",
                            "path": "oauth\/clients",
                            "query": []
                        },
                        "method": "POST",
                        "header": [
                            {
                                "key": "Content-Type",
                                "value": "application\/json"
                            },
                            {
                                "key": "Accept",
                                "value": "application\/json"
                            }
                        ],
                        "body": {
                            "mode": "raw",
                            "raw": "[]"
                        },
                        "description": "",
                        "response": []
                    }
                },
                {
                    "name": "Update the given client.",
                    "request": {
                        "url": {
                            "protocol": "http",
                            "host": "localhost",
                            "path": "oauth\/clients\/:client_id",
                            "query": []
                        },
                        "method": "PUT",
                        "header": [
                            {
                                "key": "Content-Type",
                                "value": "application\/json"
                            },
                            {
                                "key": "Accept",
                                "value": "application\/json"
                            }
                        ],
                        "body": {
                            "mode": "raw",
                            "raw": "[]"
                        },
                        "description": "",
                        "response": []
                    }
                },
                {
                    "name": "Delete the given client.",
                    "request": {
                        "url": {
                            "protocol": "http",
                            "host": "localhost",
                            "path": "oauth\/clients\/:client_id",
                            "query": []
                        },
                        "method": "DELETE",
                        "header": [
                            {
                                "key": "Content-Type",
                                "value": "application\/json"
                            },
                            {
                                "key": "Accept",
                                "value": "application\/json"
                            }
                        ],
                        "body": {
                            "mode": "raw",
                            "raw": "[]"
                        },
                        "description": "",
                        "response": []
                    }
                },
                {
                    "name": "Get all of the available scopes for the application.",
                    "request": {
                        "url": {
                            "protocol": "http",
                            "host": "localhost",
                            "path": "oauth\/scopes",
                            "query": []
                        },
                        "method": "GET",
                        "header": [
                            {
                                "key": "Content-Type",
                                "value": "application\/json"
                            },
                            {
                                "key": "Accept",
                                "value": "application\/json"
                            }
                        ],
                        "body": {
                            "mode": "raw",
                            "raw": "[]"
                        },
                        "description": "",
                        "response": []
                    }
                },
                {
                    "name": "Get all of the personal access tokens for the authenticated user.",
                    "request": {
                        "url": {
                            "protocol": "http",
                            "host": "localhost",
                            "path": "oauth\/personal-access-tokens",
                            "query": []
                        },
                        "method": "GET",
                        "header": [
                            {
                                "key": "Content-Type",
                                "value": "application\/json"
                            },
                            {
                                "key": "Accept",
                                "value": "application\/json"
                            }
                        ],
                        "body": {
                            "mode": "raw",
                            "raw": "[]"
                        },
                        "description": "",
                        "response": []
                    }
                },
                {
                    "name": "Create a new personal access token for the user.",
                    "request": {
                        "url": {
                            "protocol": "http",
                            "host": "localhost",
                            "path": "oauth\/personal-access-tokens",
                            "query": []
                        },
                        "method": "POST",
                        "header": [
                            {
                                "key": "Content-Type",
                                "value": "application\/json"
                            },
                            {
                                "key": "Accept",
                                "value": "application\/json"
                            }
                        ],
                        "body": {
                            "mode": "raw",
                            "raw": "[]"
                        },
                        "description": "",
                        "response": []
                    }
                },
                {
                    "name": "Delete the given token.",
                    "request": {
                        "url": {
                            "protocol": "http",
                            "host": "localhost",
                            "path": "oauth\/personal-access-tokens\/:token_id",
                            "query": []
                        },
                        "method": "DELETE",
                        "header": [
                            {
                                "key": "Content-Type",
                                "value": "application\/json"
                            },
                            {
                                "key": "Accept",
                                "value": "application\/json"
                            }
                        ],
                        "body": {
                            "mode": "raw",
                            "raw": "[]"
                        },
                        "description": "",
                        "response": []
                    }
                },
                {
                    "name": "Display a listing of the resource.",
                    "request": {
                        "url": {
                            "protocol": "http",
                            "host": "localhost",
                            "path": "api\/school",
                            "query": []
                        },
                        "method": "GET",
                        "header": [
                            {
                                "key": "Content-Type",
                                "value": "application\/json"
                            },
                            {
                                "key": "Accept",
                                "value": "application\/json"
                            }
                        ],
                        "body": {
                            "mode": "raw",
                            "raw": "[]"
                        },
                        "description": "",
                        "response": []
                    }
                },
                {
                    "name": "Display the specified resource.",
                    "request": {
                        "url": {
                            "protocol": "http",
                            "host": "localhost",
                            "path": "api\/school\/:id",
                            "query": []
                        },
                        "method": "GET",
                        "header": [
                            {
                                "key": "Content-Type",
                                "value": "application\/json"
                            },
                            {
                                "key": "Accept",
                                "value": "application\/json"
                            }
                        ],
                        "body": {
                            "mode": "raw",
                            "raw": "[]"
                        },
                        "description": "",
                        "response": []
                    }
                },
                {
                    "name": "api\/school\/{id}\/faculty",
                    "request": {
                        "url": {
                            "protocol": "http",
                            "host": "localhost",
                            "path": "api\/school\/:id\/faculty",
                            "query": []
                        },
                        "method": "GET",
                        "header": [
                            {
                                "key": "Content-Type",
                                "value": "application\/json"
                            },
                            {
                                "key": "Accept",
                                "value": "application\/json"
                            }
                        ],
                        "body": {
                            "mode": "raw",
                            "raw": "[]"
                        },
                        "description": "",
                        "response": []
                    }
                },
                {
                    "name": "Display a listing of the resource.",
                    "request": {
                        "url": {
                            "protocol": "http",
                            "host": "localhost",
                            "path": "api\/faculty",
                            "query": []
                        },
                        "method": "GET",
                        "header": [
                            {
                                "key": "Content-Type",
                                "value": "application\/json"
                            },
                            {
                                "key": "Accept",
                                "value": "application\/json"
                            }
                        ],
                        "body": {
                            "mode": "raw",
                            "raw": "[]"
                        },
                        "description": "",
                        "response": []
                    }
                },
                {
                    "name": "Display the specified resource.",
                    "request": {
                        "url": {
                            "protocol": "http",
                            "host": "localhost",
                            "path": "api\/faculty\/:id",
                            "query": []
                        },
                        "method": "GET",
                        "header": [
                            {
                                "key": "Content-Type",
                                "value": "application\/json"
                            },
                            {
                                "key": "Accept",
                                "value": "application\/json"
                            }
                        ],
                        "body": {
                            "mode": "raw",
                            "raw": "[]"
                        },
                        "description": "",
                        "response": []
                    }
                },
                {
                    "name": "Show the application's login form.",
                    "request": {
                        "url": {
                            "protocol": "http",
                            "host": "localhost",
                            "path": "admin\/login",
                            "query": []
                        },
                        "method": "GET",
                        "header": [
                            {
                                "key": "Content-Type",
                                "value": "application\/json"
                            },
                            {
                                "key": "Accept",
                                "value": "application\/json"
                            }
                        ],
                        "body": {
                            "mode": "raw",
                            "raw": "[]"
                        },
                        "description": "",
                        "response": []
                    }
                },
                {
                    "name": "Handle a login request to the application.",
                    "request": {
                        "url": {
                            "protocol": "http",
                            "host": "localhost",
                            "path": "admin\/login",
                            "query": []
                        },
                        "method": "POST",
                        "header": [
                            {
                                "key": "Content-Type",
                                "value": "application\/json"
                            },
                            {
                                "key": "Accept",
                                "value": "application\/json"
                            }
                        ],
                        "body": {
                            "mode": "raw",
                            "raw": "[]"
                        },
                        "description": "",
                        "response": []
                    }
                },
                {
                    "name": "Log the user out of the application.",
                    "request": {
                        "url": {
                            "protocol": "http",
                            "host": "localhost",
                            "path": "admin\/logout",
                            "query": []
                        },
                        "method": "POST",
                        "header": [
                            {
                                "key": "Content-Type",
                                "value": "application\/json"
                            },
                            {
                                "key": "Accept",
                                "value": "application\/json"
                            }
                        ],
                        "body": {
                            "mode": "raw",
                            "raw": "[]"
                        },
                        "description": "",
                        "response": []
                    }
                },
                {
                    "name": "Show the application registration form.",
                    "request": {
                        "url": {
                            "protocol": "http",
                            "host": "localhost",
                            "path": "admin\/register",
                            "query": []
                        },
                        "method": "GET",
                        "header": [
                            {
                                "key": "Content-Type",
                                "value": "application\/json"
                            },
                            {
                                "key": "Accept",
                                "value": "application\/json"
                            }
                        ],
                        "body": {
                            "mode": "raw",
                            "raw": "[]"
                        },
                        "description": "",
                        "response": []
                    }
                },
                {
                    "name": "Handle a registration request for the application.",
                    "request": {
                        "url": {
                            "protocol": "http",
                            "host": "localhost",
                            "path": "admin\/register",
                            "query": []
                        },
                        "method": "POST",
                        "header": [
                            {
                                "key": "Content-Type",
                                "value": "application\/json"
                            },
                            {
                                "key": "Accept",
                                "value": "application\/json"
                            }
                        ],
                        "body": {
                            "mode": "raw",
                            "raw": "[]"
                        },
                        "description": "",
                        "response": []
                    }
                },
                {
                    "name": "Display the form to request a password reset link.",
                    "request": {
                        "url": {
                            "protocol": "http",
                            "host": "localhost",
                            "path": "admin\/password\/reset",
                            "query": []
                        },
                        "method": "GET",
                        "header": [
                            {
                                "key": "Content-Type",
                                "value": "application\/json"
                            },
                            {
                                "key": "Accept",
                                "value": "application\/json"
                            }
                        ],
                        "body": {
                            "mode": "raw",
                            "raw": "[]"
                        },
                        "description": "",
                        "response": []
                    }
                },
                {
                    "name": "Send a reset link to the given user.",
                    "request": {
                        "url": {
                            "protocol": "http",
                            "host": "localhost",
                            "path": "admin\/password\/email",
                            "query": []
                        },
                        "method": "POST",
                        "header": [
                            {
                                "key": "Content-Type",
                                "value": "application\/json"
                            },
                            {
                                "key": "Accept",
                                "value": "application\/json"
                            }
                        ],
                        "body": {
                            "mode": "raw",
                            "raw": "[]"
                        },
                        "description": "",
                        "response": []
                    }
                },
                {
                    "name": "Display the password reset view for the given token.",
                    "request": {
                        "url": {
                            "protocol": "http",
                            "host": "localhost",
                            "path": "admin\/password\/reset\/:token",
                            "query": []
                        },
                        "method": "GET",
                        "header": [
                            {
                                "key": "Content-Type",
                                "value": "application\/json"
                            },
                            {
                                "key": "Accept",
                                "value": "application\/json"
                            }
                        ],
                        "body": {
                            "mode": "raw",
                            "raw": "[]"
                        },
                        "description": "If no token is present, display the link request form.",
                        "response": []
                    }
                },
                {
                    "name": "Reset the given user's password.",
                    "request": {
                        "url": {
                            "protocol": "http",
                            "host": "localhost",
                            "path": "admin\/password\/reset",
                            "query": []
                        },
                        "method": "POST",
                        "header": [
                            {
                                "key": "Content-Type",
                                "value": "application\/json"
                            },
                            {
                                "key": "Accept",
                                "value": "application\/json"
                            }
                        ],
                        "body": {
                            "mode": "raw",
                            "raw": "[]"
                        },
                        "description": "",
                        "response": []
                    }
                },
                {
                    "name": "Display the password confirmation view.",
                    "request": {
                        "url": {
                            "protocol": "http",
                            "host": "localhost",
                            "path": "admin\/password\/confirm",
                            "query": []
                        },
                        "method": "GET",
                        "header": [
                            {
                                "key": "Content-Type",
                                "value": "application\/json"
                            },
                            {
                                "key": "Accept",
                                "value": "application\/json"
                            }
                        ],
                        "body": {
                            "mode": "raw",
                            "raw": "[]"
                        },
                        "description": "",
                        "response": []
                    }
                },
                {
                    "name": "Confirm the given user's password.",
                    "request": {
                        "url": {
                            "protocol": "http",
                            "host": "localhost",
                            "path": "admin\/password\/confirm",
                            "query": []
                        },
                        "method": "POST",
                        "header": [
                            {
                                "key": "Content-Type",
                                "value": "application\/json"
                            },
                            {
                                "key": "Accept",
                                "value": "application\/json"
                            }
                        ],
                        "body": {
                            "mode": "raw",
                            "raw": "[]"
                        },
                        "description": "",
                        "response": []
                    }
                },
                {
                    "name": "Display a listing of the resource.",
                    "request": {
                        "url": {
                            "protocol": "http",
                            "host": "localhost",
                            "path": "admin\/faculty",
                            "query": []
                        },
                        "method": "GET",
                        "header": [
                            {
                                "key": "Content-Type",
                                "value": "application\/json"
                            },
                            {
                                "key": "Accept",
                                "value": "application\/json"
                            }
                        ],
                        "body": {
                            "mode": "raw",
                            "raw": "[]"
                        },
                        "description": "",
                        "response": []
                    }
                },
                {
                    "name": "admin\/faculty\/priority",
                    "request": {
                        "url": {
                            "protocol": "http",
                            "host": "localhost",
                            "path": "admin\/faculty\/priority",
                            "query": []
                        },
                        "method": "GET",
                        "header": [
                            {
                                "key": "Content-Type",
                                "value": "application\/json"
                            },
                            {
                                "key": "Accept",
                                "value": "application\/json"
                            }
                        ],
                        "body": {
                            "mode": "raw",
                            "raw": "[]"
                        },
                        "description": "",
                        "response": []
                    }
                },
                {
                    "name": "admin\/faculty\/priority\/set",
                    "request": {
                        "url": {
                            "protocol": "http",
                            "host": "localhost",
                            "path": "admin\/faculty\/priority\/set",
                            "query": []
                        },
                        "method": "PUT",
                        "header": [
                            {
                                "key": "Content-Type",
                                "value": "application\/json"
                            },
                            {
                                "key": "Accept",
                                "value": "application\/json"
                            }
                        ],
                        "body": {
                            "mode": "raw",
                            "raw": "[]"
                        },
                        "description": "",
                        "response": []
                    }
                },
                {
                    "name": "Show the form for creating a new resource.",
                    "request": {
                        "url": {
                            "protocol": "http",
                            "host": "localhost",
                            "path": "admin\/faculty\/create",
                            "query": []
                        },
                        "method": "GET",
                        "header": [
                            {
                                "key": "Content-Type",
                                "value": "application\/json"
                            },
                            {
                                "key": "Accept",
                                "value": "application\/json"
                            }
                        ],
                        "body": {
                            "mode": "raw",
                            "raw": "[]"
                        },
                        "description": "",
                        "response": []
                    }
                },
                {
                    "name": "Store a newly created resource in storage.",
                    "request": {
                        "url": {
                            "protocol": "http",
                            "host": "localhost",
                            "path": "admin\/faculty\/create",
                            "query": []
                        },
                        "method": "POST",
                        "header": [
                            {
                                "key": "Content-Type",
                                "value": "application\/json"
                            },
                            {
                                "key": "Accept",
                                "value": "application\/json"
                            }
                        ],
                        "body": {
                            "mode": "raw",
                            "raw": "[]"
                        },
                        "description": "",
                        "response": []
                    }
                },
                {
                    "name": "Show the form for editing the specified resource.",
                    "request": {
                        "url": {
                            "protocol": "http",
                            "host": "localhost",
                            "path": "admin\/faculty\/:fid\/edit",
                            "query": []
                        },
                        "method": "GET",
                        "header": [
                            {
                                "key": "Content-Type",
                                "value": "application\/json"
                            },
                            {
                                "key": "Accept",
                                "value": "application\/json"
                            }
                        ],
                        "body": {
                            "mode": "raw",
                            "raw": "[]"
                        },
                        "description": "",
                        "response": []
                    }
                },
                {
                    "name": "Update the specified resource in storage.",
                    "request": {
                        "url": {
                            "protocol": "http",
                            "host": "localhost",
                            "path": "admin\/faculty\/:fid\/edit",
                            "query": []
                        },
                        "method": "PUT",
                        "header": [
                            {
                                "key": "Content-Type",
                                "value": "application\/json"
                            },
                            {
                                "key": "Accept",
                                "value": "application\/json"
                            }
                        ],
                        "body": {
                            "mode": "raw",
                            "raw": "[]"
                        },
                        "description": "",
                        "response": []
                    }
                },
                {
                    "name": "Remove the specified resource from storage.",
                    "request": {
                        "url": {
                            "protocol": "http",
                            "host": "localhost",
                            "path": "admin\/faculty\/:fid\/delete",
                            "query": []
                        },
                        "method": "DELETE",
                        "header": [
                            {
                                "key": "Content-Type",
                                "value": "application\/json"
                            },
                            {
                                "key": "Accept",
                                "value": "application\/json"
                            }
                        ],
                        "body": {
                            "mode": "raw",
                            "raw": "[]"
                        },
                        "description": "",
                        "response": []
                    }
                },
                {
                    "name": "admin\/faculty\/{fid}\/restore",
                    "request": {
                        "url": {
                            "protocol": "http",
                            "host": "localhost",
                            "path": "admin\/faculty\/:fid\/restore",
                            "query": []
                        },
                        "method": "PUT",
                        "header": [
                            {
                                "key": "Content-Type",
                                "value": "application\/json"
                            },
                            {
                                "key": "Accept",
                                "value": "application\/json"
                            }
                        ],
                        "body": {
                            "mode": "raw",
                            "raw": "[]"
                        },
                        "description": "",
                        "response": []
                    }
                },
                {
                    "name": "admin\/dean\/set",
                    "request": {
                        "url": {
                            "protocol": "http",
                            "host": "localhost",
                            "path": "admin\/dean\/set",
                            "query": []
                        },
                        "method": "PUT",
                        "header": [
                            {
                                "key": "Content-Type",
                                "value": "application\/json"
                            },
                            {
                                "key": "Accept",
                                "value": "application\/json"
                            }
                        ],
                        "body": {
                            "mode": "raw",
                            "raw": "[]"
                        },
                        "description": "",
                        "response": []
                    }
                },
                {
                    "name": "admin\/hod\/set",
                    "request": {
                        "url": {
                            "protocol": "http",
                            "host": "localhost",
                            "path": "admin\/hod\/set",
                            "query": []
                        },
                        "method": "PUT",
                        "header": [
                            {
                                "key": "Content-Type",
                                "value": "application\/json"
                            },
                            {
                                "key": "Accept",
                                "value": "application\/json"
                            }
                        ],
                        "body": {
                            "mode": "raw",
                            "raw": "[]"
                        },
                        "description": "",
                        "response": []
                    }
                },
                {
                    "name": "Display a listing of the resource.",
                    "request": {
                        "url": {
                            "protocol": "http",
                            "host": "localhost",
                            "path": "admin\/school",
                            "query": []
                        },
                        "method": "GET",
                        "header": [
                            {
                                "key": "Content-Type",
                                "value": "application\/json"
                            },
                            {
                                "key": "Accept",
                                "value": "application\/json"
                            }
                        ],
                        "body": {
                            "mode": "raw",
                            "raw": "[]"
                        },
                        "description": "",
                        "response": []
                    }
                },
                {
                    "name": "Show the form for creating a new resource.",
                    "request": {
                        "url": {
                            "protocol": "http",
                            "host": "localhost",
                            "path": "admin\/school\/create",
                            "query": []
                        },
                        "method": "GET",
                        "header": [
                            {
                                "key": "Content-Type",
                                "value": "application\/json"
                            },
                            {
                                "key": "Accept",
                                "value": "application\/json"
                            }
                        ],
                        "body": {
                            "mode": "raw",
                            "raw": "[]"
                        },
                        "description": "",
                        "response": []
                    }
                },
                {
                    "name": "Store a newly created resource in storage.",
                    "request": {
                        "url": {
                            "protocol": "http",
                            "host": "localhost",
                            "path": "admin\/school\/create",
                            "query": []
                        },
                        "method": "POST",
                        "header": [
                            {
                                "key": "Content-Type",
                                "value": "application\/json"
                            },
                            {
                                "key": "Accept",
                                "value": "application\/json"
                            }
                        ],
                        "body": {
                            "mode": "raw",
                            "raw": "[]"
                        },
                        "description": "",
                        "response": []
                    }
                },
                {
                    "name": "Show the form for editing the specified resource.",
                    "request": {
                        "url": {
                            "protocol": "http",
                            "host": "localhost",
                            "path": "admin\/school\/:sid\/edit",
                            "query": []
                        },
                        "method": "GET",
                        "header": [
                            {
                                "key": "Content-Type",
                                "value": "application\/json"
                            },
                            {
                                "key": "Accept",
                                "value": "application\/json"
                            }
                        ],
                        "body": {
                            "mode": "raw",
                            "raw": "[]"
                        },
                        "description": "",
                        "response": []
                    }
                },
                {
                    "name": "Update the specified resource in storage.",
                    "request": {
                        "url": {
                            "protocol": "http",
                            "host": "localhost",
                            "path": "admin\/school\/:sid\/edit",
                            "query": []
                        },
                        "method": "PUT",
                        "header": [
                            {
                                "key": "Content-Type",
                                "value": "application\/json"
                            },
                            {
                                "key": "Accept",
                                "value": "application\/json"
                            }
                        ],
                        "body": {
                            "mode": "raw",
                            "raw": "[]"
                        },
                        "description": "",
                        "response": []
                    }
                },
                {
                    "name": "Remove the specified resource from storage.",
                    "request": {
                        "url": {
                            "protocol": "http",
                            "host": "localhost",
                            "path": "admin\/school\/:sid\/delete",
                            "query": []
                        },
                        "method": "DELETE",
                        "header": [
                            {
                                "key": "Content-Type",
                                "value": "application\/json"
                            },
                            {
                                "key": "Accept",
                                "value": "application\/json"
                            }
                        ],
                        "body": {
                            "mode": "raw",
                            "raw": "[]"
                        },
                        "description": "",
                        "response": []
                    }
                },
                {
                    "name": "admin\/school\/priority\/set",
                    "request": {
                        "url": {
                            "protocol": "http",
                            "host": "localhost",
                            "path": "admin\/school\/priority\/set",
                            "query": []
                        },
                        "method": "PUT",
                        "header": [
                            {
                                "key": "Content-Type",
                                "value": "application\/json"
                            },
                            {
                                "key": "Accept",
                                "value": "application\/json"
                            }
                        ],
                        "body": {
                            "mode": "raw",
                            "raw": "[]"
                        },
                        "description": "",
                        "response": []
                    }
                },
                {
                    "name": "Display a listing of the resource.",
                    "request": {
                        "url": {
                            "protocol": "http",
                            "host": "localhost",
                            "path": "admin\/department",
                            "query": []
                        },
                        "method": "GET",
                        "header": [
                            {
                                "key": "Content-Type",
                                "value": "application\/json"
                            },
                            {
                                "key": "Accept",
                                "value": "application\/json"
                            }
                        ],
                        "body": {
                            "mode": "raw",
                            "raw": "[]"
                        },
                        "description": "",
                        "response": []
                    }
                },
                {
                    "name": "Show the form for creating a new resource.",
                    "request": {
                        "url": {
                            "protocol": "http",
                            "host": "localhost",
                            "path": "admin\/department\/create",
                            "query": []
                        },
                        "method": "GET",
                        "header": [
                            {
                                "key": "Content-Type",
                                "value": "application\/json"
                            },
                            {
                                "key": "Accept",
                                "value": "application\/json"
                            }
                        ],
                        "body": {
                            "mode": "raw",
                            "raw": "[]"
                        },
                        "description": "",
                        "response": []
                    }
                },
                {
                    "name": "Store a newly created resource in storage.",
                    "request": {
                        "url": {
                            "protocol": "http",
                            "host": "localhost",
                            "path": "admin\/department\/create",
                            "query": []
                        },
                        "method": "POST",
                        "header": [
                            {
                                "key": "Content-Type",
                                "value": "application\/json"
                            },
                            {
                                "key": "Accept",
                                "value": "application\/json"
                            }
                        ],
                        "body": {
                            "mode": "raw",
                            "raw": "[]"
                        },
                        "description": "",
                        "response": []
                    }
                },
                {
                    "name": "Show the form for editing the specified resource.",
                    "request": {
                        "url": {
                            "protocol": "http",
                            "host": "localhost",
                            "path": "admin\/department\/:did\/edit",
                            "query": []
                        },
                        "method": "GET",
                        "header": [
                            {
                                "key": "Content-Type",
                                "value": "application\/json"
                            },
                            {
                                "key": "Accept",
                                "value": "application\/json"
                            }
                        ],
                        "body": {
                            "mode": "raw",
                            "raw": "[]"
                        },
                        "description": "",
                        "response": []
                    }
                },
                {
                    "name": "Update the specified resource in storage.",
                    "request": {
                        "url": {
                            "protocol": "http",
                            "host": "localhost",
                            "path": "admin\/department\/:did\/edit",
                            "query": []
                        },
                        "method": "PUT",
                        "header": [
                            {
                                "key": "Content-Type",
                                "value": "application\/json"
                            },
                            {
                                "key": "Accept",
                                "value": "application\/json"
                            }
                        ],
                        "body": {
                            "mode": "raw",
                            "raw": "[]"
                        },
                        "description": "",
                        "response": []
                    }
                },
                {
                    "name": "Remove the specified resource from storage.",
                    "request": {
                        "url": {
                            "protocol": "http",
                            "host": "localhost",
                            "path": "admin\/department\/:did\/delete",
                            "query": []
                        },
                        "method": "DELETE",
                        "header": [
                            {
                                "key": "Content-Type",
                                "value": "application\/json"
                            },
                            {
                                "key": "Accept",
                                "value": "application\/json"
                            }
                        ],
                        "body": {
                            "mode": "raw",
                            "raw": "[]"
                        },
                        "description": "",
                        "response": []
                    }
                },
                {
                    "name": "Display a listing of the resource.",
                    "request": {
                        "url": {
                            "protocol": "http",
                            "host": "localhost",
                            "path": "admin\/designation",
                            "query": []
                        },
                        "method": "GET",
                        "header": [
                            {
                                "key": "Content-Type",
                                "value": "application\/json"
                            },
                            {
                                "key": "Accept",
                                "value": "application\/json"
                            }
                        ],
                        "body": {
                            "mode": "raw",
                            "raw": "[]"
                        },
                        "description": "",
                        "response": []
                    }
                },
                {
                    "name": "Store a newly created resource in storage.",
                    "request": {
                        "url": {
                            "protocol": "http",
                            "host": "localhost",
                            "path": "admin\/designation\/create",
                            "query": []
                        },
                        "method": "POST",
                        "header": [
                            {
                                "key": "Content-Type",
                                "value": "application\/json"
                            },
                            {
                                "key": "Accept",
                                "value": "application\/json"
                            }
                        ],
                        "body": {
                            "mode": "raw",
                            "raw": "[]"
                        },
                        "description": "",
                        "response": []
                    }
                },
                {
                    "name": "Show the form for editing the specified resource.",
                    "request": {
                        "url": {
                            "protocol": "http",
                            "host": "localhost",
                            "path": "admin\/designation\/:des\/edit",
                            "query": []
                        },
                        "method": "GET",
                        "header": [
                            {
                                "key": "Content-Type",
                                "value": "application\/json"
                            },
                            {
                                "key": "Accept",
                                "value": "application\/json"
                            }
                        ],
                        "body": {
                            "mode": "raw",
                            "raw": "[]"
                        },
                        "description": "",
                        "response": []
                    }
                },
                {
                    "name": "Update the specified resource in storage.",
                    "request": {
                        "url": {
                            "protocol": "http",
                            "host": "localhost",
                            "path": "admin\/designation\/:des\/edit",
                            "query": []
                        },
                        "method": "PUT",
                        "header": [
                            {
                                "key": "Content-Type",
                                "value": "application\/json"
                            },
                            {
                                "key": "Accept",
                                "value": "application\/json"
                            }
                        ],
                        "body": {
                            "mode": "raw",
                            "raw": "[]"
                        },
                        "description": "",
                        "response": []
                    }
                },
                {
                    "name": "Remove the specified resource from storage.",
                    "request": {
                        "url": {
                            "protocol": "http",
                            "host": "localhost",
                            "path": "admin\/designation\/:des\/delete",
                            "query": []
                        },
                        "method": "DELETE",
                        "header": [
                            {
                                "key": "Content-Type",
                                "value": "application\/json"
                            },
                            {
                                "key": "Accept",
                                "value": "application\/json"
                            }
                        ],
                        "body": {
                            "mode": "raw",
                            "raw": "[]"
                        },
                        "description": "",
                        "response": []
                    }
                },
                {
                    "name": "admin\/designation\/priority\/set",
                    "request": {
                        "url": {
                            "protocol": "http",
                            "host": "localhost",
                            "path": "admin\/designation\/priority\/set",
                            "query": []
                        },
                        "method": "PUT",
                        "header": [
                            {
                                "key": "Content-Type",
                                "value": "application\/json"
                            },
                            {
                                "key": "Accept",
                                "value": "application\/json"
                            }
                        ],
                        "body": {
                            "mode": "raw",
                            "raw": "[]"
                        },
                        "description": "",
                        "response": []
                    }
                },
                {
                    "name": "admin\/profilepic\/{fid}\/upload",
                    "request": {
                        "url": {
                            "protocol": "http",
                            "host": "localhost",
                            "path": "admin\/profilepic\/:fid\/upload",
                            "query": []
                        },
                        "method": "POST",
                        "header": [
                            {
                                "key": "Content-Type",
                                "value": "application\/json"
                            },
                            {
                                "key": "Accept",
                                "value": "application\/json"
                            }
                        ],
                        "body": {
                            "mode": "raw",
                            "raw": "[]"
                        },
                        "description": "",
                        "response": []
                    }
                },
                {
                    "name": "Show the application dashboard.",
                    "request": {
                        "url": {
                            "protocol": "http",
                            "host": "localhost",
                            "path": "home",
                            "query": []
                        },
                        "method": "GET",
                        "header": [
                            {
                                "key": "Content-Type",
                                "value": "application\/json"
                            },
                            {
                                "key": "Accept",
                                "value": "application\/json"
                            }
                        ],
                        "body": {
                            "mode": "raw",
                            "raw": "[]"
                        },
                        "description": "",
                        "response": []
                    }
                }
            ]
        }
    ]
}